{
  "es": {
    "title": "Wrestling 2D - Booking",
    "play": "Jugar",
    "booking": "Modo Promotor",
    "settings": "Ajustes",
    "exit": "Salir",
    "back": "Volver",
    "new_career": "Nueva carrera",
    "continue": "Continuar",
    "money": "Dinero",
    "audience": "Audiencia",
    "week": "Semana",
    "roster": "Plantilla",
    "card": "Cartelera",
    "simulate": "Simular show",
    "start_match": "Iniciar combate",
    "pick_winner": "Elegir ganador",
    "winner": "Ganador",
    "stipulation": "Estipulación",
    "normal": "Normal",
    "title_match": "Por título",
    "save": "Guardar",
    "load": "Cargar",
    "match_result": "Resultado del combate",
    "ko": "KO",
    "time": "Tiempo",
    "damage": "Daño",
    "stamina": "Resistencia",
    "controls": "Controles",
    "controls_tip": "A/D mover • J golpe • K patada • L bloquear • I esquivar • Esc volver"
  }
}