{
  "lang": "es",
  "money": 25000,
  "audiencia": 55,
  "week": 1,
  "roster": [
    {
      "id": "luchador_a",
      "nombre": "Rayo Rojo",
      "popularidad": 55,
      "resistencia": 60,
      "fuerza": 58,
      "tecnica": 52,
      "rol": "Face",
      "activo": true
    },
    {
      "id": "luchador_b",
      "nombre": "Verde Veneno",
      "popularidad": 52,
      "resistencia": 58,
      "fuerza": 54,
      "tecnica": 56,
      "rol": "Heel",
      "activo": true
    },
    {
      "id": "luchador_c",
      "nombre": "El Titan",
      "popularidad": 48,
      "resistencia": 66,
      "fuerza": 62,
      "tecnica": 45,
      "rol": "Face",
      "activo": true
    },
    {
      "id": "luchador_d",
      "nombre": "Sombra",
      "popularidad": 46,
      "resistencia": 54,
      "fuerza": 50,
      "tecnica": 62,
      "rol": "Heel",
      "activo": true
    }
  ],
  "titulos": [
    {
      "id": "mundial",
      "nombre": "Campeonato Mundial",
      "campeon": "luchador_a"
    },
    {
      "id": "parejas",
      "nombre": "Campeonato en Parejas",
      "campeon": null
    }
  ],
  "rivalidades": [
    {
      "a": "luchador_a",
      "b": "luchador_b",
      "nivel": 35
    }
  ],
  "show": {
    "nombre": "Noche de Lucha",
    "cartelera": [
      {
        "tipo": "singles",
        "a": "luchador_a",
        "b": "luchador_b",
        "estipulacion": "Normal",
        "ganador": null
      }
    ]
  }
}